{"cameraMode":{"drawMode":0,"name":"Shaded","section":"Shading Mode"},"sceneLighting":true,"audioPlay":false,"sceneViewState":{"showFog":true,"showMaterialUpdate":false,"showSkybox":true,"showFlares":true,"showImageEffects":true,"showParticleSystems":true},"in2DMode":false,"pivot":{"x":-4.10164213180542,"y":9.320816040039063,"z":1.2650645971298218},"rotation":{"x":-0.1476878821849823,"y":0.4790921211242676,"z":-0.08214668184518814,"w":-0.8613548874855042},"size":21.954647064208986,"orthographic":false}